{
  "cnn": {
    "accuracy": 0.96,
    "time": 1132.6185841560364,
    "samples_per_class": 250
  },
  "dense_nn": {
    "accuracy": 0.87,
    "time": 30.068300008773804,
    "samples_per_class": 250
  },
  "ep": {
    "accuracy": 0.9,
    "time": 49.40590190887451,
    "samples_per_class": 50
  },
  "vqc": {
    "accuracy": 0.75,
    "time": 477.1408061981201,
    "samples_per_class": 50
  }
}