{
  "cnn": {
    "accuracy": 0.95,
    "time": 725.9073939323425
  },
  "dense_nn": {
    "accuracy": 0.84,
    "time": 1.0892539024353027
  },
  "ep": {
    "accuracy": 0.81,
    "time": 17.63678503036499
  },
  "vqc": {
    "accuracy": 0.79,
    "time": 6.623734951019287
  }
}