{
  "cnn": {
    "accuracy": 0.95,
    "time": 693.4305658340454
  },
  "dense_nn": {
    "accuracy": 0.84,
    "time": 1.117520809173584
  },
  "ep": {
    "accuracy": 0.54,
    "time": 28.55043911933899
  },
  "vqc": {
    "accuracy": 0.79,
    "time": 8.877557039260864
  }
}