{
  "50": {
    "accuracy": 0.65,
    "load_time": 1.030547857284546,
    "train_time": 9.567772150039673,
    "prediction_time": 4.7985289096832275,
    "total_time": 15.396848917007446,
    "precision_healthy": 0.6666666666666666,
    "recall_healthy": 0.6,
    "f1_healthy": 0.631578947368421,
    "precision_aml": 0.6363636363636364,
    "recall_aml": 0.7,
    "f1_aml": 0.6666666666666666,
    "training_history": []
  }
}